generation,pathfinder_fitness,num_food
1,3.400413,0
1,2.972013,0
2,3.168777,0
3,4.205076,0
4,4.207839,0
5,3.689968,0
6,3.839243,0
7,3.914772,0
8,8.947245,0
9,11.217681,0
10,17.096713,0
11,9.300394,0
12,13.439363,0
13,14.691912,0
14,7.441529,0
15,11.928321,0
16,11.247904,0
17,40.727261,0
18,24.549584,0
19,18.430224,0
20,45.078573,0
21,13.315543,0
22,34.922542,0
23,11.530258,0
24,145.222135,0
25,8.428339,0
26,11.393728,0
27,398.984500,0
28,45.751023,0
29,68.265352,0
30,40.229994,0
31,45.810284,0
32,58.230054,0
33,55.989025,0
34,84.473995,0
35,37.785834,0
36,57.613579,0
37,316.479561,0
38,267.177771,0
39,406.918193,0
40,186.897820,0
41,65.424055,0
42,61.287511,0
43,276.198201,0
44,478.968237,0
45,345.555785,0
46,1048.397023,1
47,456.341191,0
48,358.868320,0
49,925.437581,1
50,396.543604,0
51,345.499324,0
52,518.083438,0
53,26.793273,0
54,1085.156669,1
55,352.497797,0
56,161.047072,0
57,145.744362,0
58,46.249981,0
59,898.479623,1
60,129.591966,0
61,418.299177,0
62,489.830919,0
63,53.600708,0
64,88.696301,0
65,54.278244,0
66,128.313753,0
67,526.698197,0
68,473.077970,0
69,629.187737,0
70,800.079994,0
71,975.492767,0
72,569.528648,0
73,657.175717,0
74,912.674801,0
75,88.518443,0
76,756.072447,0
77,70.023365,0
78,537.716212,0
79,41.766145,0
80,753.680121,0
81,810.456452,0
82,825.031390,0
83,808.834732,0
84,412.493812,0
85,384.937124,0
86,564.300374,0
87,207.037894,0
88,518.550640,0
89,376.303225,0
90,757.742288,0
91,646.699319,0
92,526.868416,0
93,75.838537,0
94,650.368966,0
95,591.850255,0
96,187.031561,0
97,686.571887,0
98,690.981141,0
99,597.628314,0
100,733.433917,0
101,735.441815,0
102,678.398272,0
103,737.301646,0
104,849.817511,0
105,564.118901,0
106,145.732176,0
107,557.260989,0
108,832.030696,0
109,707.612808,0
110,579.677453,0
111,597.258566,0
112,41.309649,0
113,735.683155,0
114,611.825164,0
115,645.600099,0
116,622.173067,0
117,251.936196,0
118,144.957312,0
119,46.858276,0
120,631.692958,0
121,763.805977,0
122,125.139292,0
123,648.289626,0
124,874.139372,0
125,840.915561,0
126,322.484098,0
127,607.719441,0
128,812.496738,0
129,535.232065,0
130,646.049047,0
131,888.686369,1
132,90.559437,0
133,724.957829,0
134,1048.786253,1
135,77.479427,0
136,503.772098,0
137,337.910280,0
138,869.878430,0
139,683.827667,0
140,725.435584,0
141,274.525457,0
142,588.651540,0
143,693.177694,0
144,842.355768,0
145,543.414398,0
146,532.684290,0
147,753.687533,0
148,440.736512,0
149,47.717144,0
150,508.782133,0
151,676.090151,0
152,688.763277,0
153,702.313577,0
154,597.859951,0
155,61.009498,0
156,832.007423,0
157,485.841620,0
158,927.399325,0
159,606.908007,0
160,577.681808,0
161,781.681679,0
162,59.003605,0
163,532.047677,0
164,614.921147,0
165,662.386451,0
166,57.632632,0
167,1042.605366,0
168,623.568155,0
169,44.664508,0
170,165.664708,0
171,549.078503,0
172,75.464942,0
173,53.819453,0
174,586.213941,0
175,793.926513,0
176,233.631540,0
177,758.369049,0
178,682.528819,0
179,862.398854,1
180,179.181605,0
181,667.659030,0
182,277.233252,0
183,583.770660,0
184,41.474915,0
185,802.716950,0
186,170.007013,0
187,607.446212,0
188,581.463375,0
189,868.780843,0
190,568.297821,0
191,39.912426,0
192,483.021408,0
193,390.048692,0
194,799.990566,0
195,641.907381,0
196,137.901824,0
197,45.438477,0
198,355.616114,0
199,574.135379,0
200,25.430817,0
201,204.481153,0
202,421.513058,0
203,89.114197,0
204,596.814037,0
205,643.034958,0
206,609.942478,0
207,184.337031,0
208,105.065902,0
209,533.627535,0
210,759.941938,0
211,111.838628,0
212,440.375901,0
213,847.275744,0
214,741.643357,0
215,515.158783,0
216,719.244247,0
217,430.348349,0
218,700.359532,0
219,489.768284,0
220,500.603300,0
221,557.248340,0
222,457.115446,0
223,595.596162,0
224,52.157038,0
225,507.535345,0
226,93.508214,0
227,297.054791,0
228,510.845620,1
229,798.742647,0
230,394.380913,0
231,774.589422,0
232,728.229994,0
233,595.947183,0
234,618.567929,0
235,74.752776,0
236,1035.002809,1
237,625.195726,0
238,84.296733,0
239,550.919911,0
240,284.545028,0
241,45.281999,0
242,43.162551,0
243,617.835969,0
244,479.933994,0
245,48.186824,0
246,91.111345,0
247,43.168667,0
248,508.912896,0
249,968.712206,1
250,862.889742,0
251,434.792191,0
252,621.076014,0
253,83.370569,0
254,327.529725,0
255,738.768166,0
256,86.528657,0
257,655.415023,0
258,840.040306,0
259,667.677045,0
260,759.675835,0
261,916.831099,1
262,381.287152,0
263,494.950720,0
264,331.542626,0
265,646.838252,0
266,594.458733,0
267,112.786565,0
268,380.171582,0
269,395.762474,0
270,90.703368,0
271,442.270125,0
272,512.776617,0
273,663.270605,0
274,503.550132,0
275,60.019392,0
276,750.171470,0
277,210.960824,0
278,927.207445,1
279,666.932696,0
280,409.650759,0
281,585.925234,0
282,190.959212,0
283,586.013954,0
284,436.424676,0
285,85.921959,0
286,739.412228,0
287,560.140767,0
288,108.727020,0
289,803.346792,0
290,614.097619,0
291,510.725988,0
292,720.110190,1
293,105.617006,0
294,550.427591,0
295,35.618178,0
296,413.122322,0
297,614.579158,0
298,300.538449,0
299,426.351355,0
300,498.160463,0
301,749.300318,0
302,41.858157,0
303,679.225356,0
304,122.806700,0
305,791.227112,0
306,525.918534,0
307,38.263634,0
308,580.873091,0
309,615.273374,0
310,315.252253,0
311,646.616491,0
312,482.706195,0
313,568.969463,0
314,591.360910,0
315,77.128803,0
316,45.727759,0
317,91.572751,0
318,619.949620,0
319,728.181739,0
320,538.096255,0
321,996.864224,0
322,591.760695,0
323,748.648233,0
324,85.211955,0
325,402.716288,0
326,805.283367,0
327,584.409130,0
328,766.201276,0
329,584.069884,0
330,628.310254,0
331,760.720029,0
332,826.842948,0
333,89.803853,0
334,799.324133,0
335,295.157363,0
336,511.734625,0
337,741.116580,0
338,37.696234,0
339,849.215228,0
340,636.489043,0
341,83.325371,0
342,927.591712,0
343,452.059641,0
344,677.345356,0
345,423.062867,0
346,656.397230,1
347,540.036926,0
348,204.683871,0
349,948.301613,1
350,717.014926,0
351,596.392832,0
352,201.953813,0
353,507.157206,0
354,599.185255,0
355,320.701066,0
356,676.724090,1
357,443.244702,0
358,587.457743,0
359,301.353701,0
360,829.094466,0
361,1102.187400,1
362,46.752935,0
363,544.760725,0
364,650.832940,0
365,496.519792,0
366,503.764047,0
367,636.182292,0
368,161.074836,0
369,566.736881,0
370,1111.192473,1
371,62.198362,0
372,330.054601,0
373,253.148204,0
374,519.411034,1
375,588.499521,0
376,614.154221,0
377,568.538931,0
378,810.580402,1
379,417.595244,0
380,269.354844,0
381,771.619157,0
382,533.792967,0
383,680.822932,0
384,441.822361,0
385,546.578524,0
386,832.062779,0
387,441.942305,0
388,746.405746,0
389,186.505673,0
390,42.505349,0
391,183.270704,0
392,549.674757,0
393,318.699680,0
394,741.609798,0
395,772.493353,1
396,526.097927,0
397,451.361081,0
398,807.824166,0
399,56.300474,0
400,47.935848,0
401,824.869212,0
402,430.785722,0
403,94.613025,0
404,631.683941,0
405,631.273986,0
406,162.623665,0
407,536.861799,0
408,68.353744,0
409,542.365920,0
410,692.415435,0
411,877.181164,1
412,660.977558,1
413,609.410033,1
414,628.311663,0
415,839.937666,1
416,439.967138,1
417,57.106975,0
418,695.439043,0
419,800.953946,0
420,665.879897,0
421,853.640689,0
422,605.288879,1
423,594.972312,0
424,701.095461,0
425,658.798204,0
426,890.226380,0
427,931.987665,1
428,689.422555,0
429,466.070710,0
430,836.139820,0
431,565.279989,1
432,40.651959,0
433,40.298978,0
434,256.728059,0
435,486.926206,0
436,242.381621,0
437,68.435476,0
438,1137.600481,1
439,739.166249,1
440,1310.491700,1
441,1148.963134,1
442,1088.169996,1
443,1204.575535,1
444,182.048011,0
445,600.266245,0
446,1051.718545,1
447,837.511330,1
448,660.448635,1
449,707.165110,1
450,833.431479,1
451,877.849467,1
452,802.917415,1
453,23.008572,0
454,53.929920,0
455,57.632736,0
456,26.674007,0
457,1190.238259,1
458,930.037291,1
459,510.856623,0
460,767.889948,1
461,1027.167513,1
462,771.555894,1
463,66.764679,0
464,26.373502,0
465,895.801647,1
466,391.489204,0
467,824.644344,1
468,443.936428,0
469,426.962725,0
470,1245.322474,1
471,379.751774,0
472,955.435493,1
473,995.765920,1
474,1064.464053,1
475,1041.303248,1
476,250.631450,0
477,969.485471,1
478,984.965132,1
479,100.999720,0
480,1048.200860,1
481,961.272504,1
482,1139.758538,1
483,58.672659,0
484,1001.321263,1
485,1259.392186,1
486,842.307238,1
487,1043.460516,1
488,1117.129696,1
489,761.016841,1
490,621.786158,0
491,1006.880869,1
492,1297.477339,1
493,45.087075,0
494,576.343394,0
495,942.175724,1
496,876.781310,1
497,811.163088,1
498,23.723235,0
499,1016.046442,1
500,20.419874,0
501,952.107693,1
502,655.130873,1
503,465.871221,0
504,894.081206,1
505,582.897858,0
506,520.995780,0
507,678.063712,0
508,1257.984837,1
509,1048.932445,1
510,1202.716571,1
511,590.249103,0
512,663.797314,1
513,766.821902,1
514,1018.062910,1
515,1037.481082,1
516,981.424135,1
517,1005.546743,1
518,495.949852,0
519,879.379129,1
520,51.609399,0
521,1145.535630,1
522,999.607949,1
523,904.035113,1
524,26.486317,0
525,1201.736277,1
526,1127.199169,1
527,989.405896,1
528,1079.999724,1
529,604.690953,1
530,42.716255,0
531,19.112081,0
532,994.780283,1
533,1124.983625,1
534,1028.292296,1
535,543.397946,1
536,694.238944,1
537,895.304245,1
538,988.780491,1
539,979.565618,1
540,536.523994,0
541,845.102300,1
542,86.696643,0
543,559.197142,0
544,76.309571,0
545,21.117284,0
546,957.116321,1
547,73.191060,0
548,1101.272751,1
549,146.190151,0
550,144.380961,0
551,727.524785,1
552,38.887632,0
553,896.993033,1
554,783.898285,1
555,70.060966,0
556,24.489461,0
557,984.839423,1
558,30.148593,0
559,20.476179,0
560,122.944309,0
561,850.145157,1
562,12.737514,0
563,482.644227,0
564,175.264895,0
565,1074.862245,1
566,116.314437,0
567,32.398777,0
568,1048.845583,1
569,994.023597,1
570,1165.285725,1
571,1061.031245,1
572,419.470397,0
573,823.390517,1
574,80.545718,0
575,87.070237,0
576,1093.082830,1
577,20.864829,0
578,75.920577,0
579,89.704778,0
580,286.012019,0
581,886.157136,1
582,31.831016,0
583,1200.963493,1
584,891.509826,1
585,1078.565691,1
586,1011.396314,1
587,64.808285,0
588,765.313340,1
589,45.671072,0
590,967.992536,1
591,1049.684990,1
592,1017.796999,1
593,1165.664072,1
594,48.465492,0
595,946.384054,1
596,72.881849,0
597,1152.975023,1
598,895.188164,1
599,73.725980,0
600,170.452994,0
601,276.913186,0
602,290.884487,0
603,1135.129471,1
604,8.915207,0
605,30.878321,0
606,969.098671,1
607,221.319868,0
608,966.299291,1
609,932.305355,1
610,939.813668,1
611,909.191219,1
612,1000.514681,1
613,70.604721,0
614,17.106124,0
615,1149.139928,1
616,970.505727,1
617,844.708719,1
618,996.353083,1
619,984.544055,1
620,222.678571,0
621,253.209340,0
622,60.498749,0
623,1089.080356,1
624,913.212557,1
625,48.992892,0
626,739.372549,1
627,115.036085,0
628,866.942291,1
629,944.520281,1
630,1171.905939,1
631,795.547679,1
632,1242.389052,1
633,681.137392,1
634,1113.646057,1
635,16.745192,0
636,1091.018490,1
637,874.459923,1
638,993.254936,1
639,1106.886234,1
640,979.153354,1
641,15.393722,0
642,12.943557,0
643,805.945869,1
644,1051.861498,1
645,958.716361,1
646,21.791985,0
647,39.776418,0
648,1427.000549,2
649,1138.429399,1
650,669.472075,1
651,610.360406,0
652,928.691805,1
653,36.556027,0
654,949.054443,1
655,912.916535,1
656,728.831657,1
657,838.589043,1
658,402.376312,0
659,991.540110,1
660,27.147959,0
661,1054.490472,1
662,990.607881,1
663,18.877669,0
664,762.094343,1
665,493.505226,0
666,1308.575811,1
667,831.521526,1
668,1063.836878,1
669,52.718148,0
670,929.464512,1
671,1059.508831,1
672,941.204583,1
673,729.435470,1
674,1040.962932,1
675,884.645360,1
676,1085.357589,1
677,1281.347039,1
678,872.517583,1
679,29.482366,0
680,53.847745,0
681,1036.909082,1
682,784.233553,1
683,808.137714,1
684,804.928629,1
685,821.966536,1
686,166.188134,0
687,866.630823,1
688,1093.967088,1
689,15.346091,0
690,30.366574,0
691,816.779148,1
692,1022.089229,1
693,700.395986,0
694,46.119652,0
695,210.858974,0
696,723.352038,1
697,551.229069,0
698,326.531666,0
699,1400.661434,2
700,1022.776580,1
701,824.226015,1
702,1041.956868,1
703,922.003405,1
704,875.732240,1
705,969.560440,1
706,845.568214,1
707,97.686872,0
708,1186.535955,1
709,1074.966583,1
710,171.899892,0
711,172.976060,0
712,14.849615,0
713,426.336455,0
714,58.030333,0
715,761.814769,1
716,1215.824501,1
717,1259.560367,1
718,507.192254,0
719,20.916525,0
720,14.157740,0
721,889.387913,1
722,1032.403994,1
723,813.303933,1
724,1025.987928,1
725,49.485493,0
726,43.732033,0
727,1078.418262,1
728,786.144073,1
729,20.576516,0
730,975.456943,1
731,1254.152940,1
732,1008.113577,1
733,1045.411203,1
734,61.775062,0
735,1286.363313,1
736,812.040702,1
737,50.958852,0
738,1094.312984,1
739,15.490482,0
740,1107.958302,1
741,41.567799,0
742,1849.905373,1
743,1125.904019,1
744,59.768047,0
745,1066.187717,1
746,918.657021,1
747,18.618465,0
748,1038.212366,1
749,144.408211,0
750,1297.861388,2
751,339.981843,0
752,899.140841,1
753,1076.249420,1
754,1001.506193,1
755,986.078124,1
756,980.786953,1
757,104.622133,0
758,975.223986,1
759,100.908124,0
760,1056.891476,1
761,987.447489,1
762,964.035164,1
763,933.403276,1
764,916.505591,1
765,1042.760968,1
766,1109.628541,1
767,1179.927114,1
768,74.259285,0
769,1054.147052,1
770,804.916970,1
771,947.433582,1
772,38.121978,0
773,860.971319,1
774,770.483921,1
775,944.369828,1
776,206.721445,0
777,1323.287929,2
778,1012.046886,1
779,1071.292914,1
780,722.329744,1
781,799.485178,1
782,363.502163,0
783,133.654220,0
784,1149.757308,1
785,855.315870,1
786,1101.935634,1
787,913.869369,1
788,942.992335,1
789,15.001365,0
790,759.837953,1
791,945.152890,1
792,316.280240,0
793,1604.599117,2
794,973.377632,1
795,639.530603,1
796,146.122826,0
797,1144.239917,1
798,17.937756,0
799,703.487716,1
800,741.872812,1
801,446.885041,0
802,466.653549,0
803,850.550878,1
804,26.959384,0
805,1008.875367,1
806,172.221270,0
807,530.019082,0
808,21.166494,0
809,1192.282118,1
810,994.314075,1
811,720.166384,1
812,1139.516503,1
813,1015.089259,1
814,947.517339,1
815,40.263728,0
816,12.928770,0
817,216.039126,0
818,982.996159,1
819,29.927457,0
820,963.186081,1
821,879.785892,1
822,25.879672,0
823,1209.937425,1
824,1144.474386,1
825,1339.170631,1
826,1034.927347,1
827,493.037440,1
828,1237.535569,2
829,32.411305,0
830,1174.957172,1
831,188.681945,0
832,1043.162977,1
833,700.701568,1
834,827.191155,1
835,404.618745,0
836,522.341059,0
837,925.751365,1
838,995.287629,1
839,1013.449177,1
840,973.890332,1
841,894.123008,1
842,464.820759,0
843,527.342197,0
844,807.339004,1
845,483.674242,0
846,491.353349,0
847,187.218181,0
848,917.960957,1
849,724.051665,1
850,1050.278424,1
851,1280.462930,1
852,1026.929759,1
853,373.026942,1
854,192.533364,0
855,1068.024916,1
856,13.948490,0
857,623.233973,1
858,783.357154,1
859,1142.338185,1
860,39.685497,0
861,508.374214,0
862,1014.472449,1
863,714.824950,1
864,1173.128598,1
865,870.152172,1
866,967.157952,1
867,790.037886,1
868,1004.799293,1
869,923.259996,1
870,718.058628,1
871,94.627983,0
872,869.486796,1
873,1057.165837,1
874,222.320936,0
875,1175.928300,1
876,36.320905,0
877,931.059026,1
878,943.165839,1
879,23.336905,0
880,191.843942,0
881,867.127256,1
882,1051.532765,1
883,1165.398355,1
884,1128.225400,1
885,1162.237977,1
886,700.244408,1
887,14.681171,0
888,1159.693573,1
889,1023.427399,1
890,972.074234,1
891,23.840973,0
892,696.447607,1
893,273.515872,0
894,918.800991,1
895,468.831486,0
896,964.313808,1
897,113.988631,0
898,820.103378,1
899,1042.226195,1
900,36.041145,0
901,1089.667979,1
902,796.731998,1
903,1116.288974,1
904,816.102865,1
905,965.484440,1
906,1162.687028,1
907,35.956074,0
908,787.921827,1
909,917.775603,1
910,1117.113849,1
911,935.632779,1
912,21.901336,0
913,981.438879,1
914,1019.677668,1
915,32.654038,0
916,18.650106,0
917,1008.083510,1
918,881.329222,1
919,913.355722,1
920,512.755440,0
921,1274.320111,2
922,114.214181,0
923,1079.721168,1
924,285.849899,1
925,1103.354381,1
926,824.157269,1
927,351.373920,1
928,991.975216,1
929,559.084608,0
930,822.364487,1
931,1104.805934,1
932,834.184674,1
933,1004.160643,1
934,955.336772,1
935,1397.427209,2
936,218.320391,0
937,968.088201,1
938,1063.182626,1
939,878.607791,1
940,1112.555617,1
941,12.095554,0
942,524.849955,0
943,51.105978,0
944,516.849951,0
945,138.527331,0
946,18.551014,0
947,828.027750,1
948,299.192565,0
949,178.363867,0
950,48.461335,0
951,1052.886310,1
952,497.958934,0
953,480.107899,0
954,797.981212,1
955,1140.798706,1
956,1043.617581,1
957,882.025869,1
958,1121.922627,1
959,260.284380,0
960,921.385013,1
961,928.589008,1
962,851.707300,1
963,1014.350096,1
964,730.497780,0
965,147.406023,0
966,20.967986,0
967,13.793052,0
968,993.349798,1
969,1118.148117,1
970,23.717807,0
971,898.157796,1
972,849.327967,1
973,24.815243,0
974,1119.935799,1
975,845.894714,1
976,965.969673,1
977,881.615069,1
978,936.134984,1
979,30.977172,0
980,574.818691,1
981,513.708587,0
982,847.874238,1
983,1083.669285,1
984,1051.914859,1
985,1157.454978,1
986,1117.493942,1
987,81.949097,0
988,1016.817071,1
989,611.662607,1
990,802.790610,1
991,103.240552,0
992,635.399088,0
993,251.773502,0
994,857.075735,1
995,931.960706,1
996,17.750422,0
997,1064.746246,1
998,35.734934,0
999,29.811737,0
1000,34.138200,0
1001,836.474268,1
1002,768.523536,1
1003,1071.561228,1
1004,901.436639,1
1005,860.519302,1
1006,1062.180360,1
1007,939.676089,1
1008,26.003980,0
1009,838.936246,1
1010,1177.920202,1
1011,949.615885,1
1012,90.381245,0
1013,1110.352319,1
1014,882.710432,1
1015,1359.216908,2
1016,23.368395,0
1017,543.395227,0
1018,793.735119,1
1019,509.310344,0
1020,357.879769,1
1021,316.360383,0
1022,1025.967216,1
1023,35.622256,0
1024,34.188261,0
1025,1237.433294,1
1026,17.695161,0
1027,1150.795832,1
1028,1116.227115,1
1029,1006.706369,1
1030,965.265337,1
1031,47.804464,0
1032,1127.690862,1
1033,920.265528,1
1034,921.308454,1
1035,142.685482,0
1036,1104.446743,1
1037,1139.757211,1
1038,1126.956228,1
1039,41.136616,0
1040,1041.515493,1
1041,1413.477889,2
1042,920.827448,1
1043,308.374319,0
1044,950.390524,1
1045,47.347816,0
1046,35.063143,0
1047,1242.685037,1
1048,35.627599,0
1049,60.161524,0
1050,1180.606436,1
1051,1002.241981,1
1052,692.126430,1
1053,978.919966,1
1054,36.189173,0
1055,35.232300,0
1056,969.033715,1
1057,1076.354336,1
1058,1094.674744,1
1059,942.451570,1
1060,129.716590,0
1061,37.994934,0
1062,109.322363,0
1063,19.621068,0
1064,10.906436,0
1065,801.706143,1
1066,42.695683,0
1067,45.878622,0
1068,28.936982,0
1069,1051.575796,1
1070,1397.955872,2
1071,94.635176,0
1072,899.608482,1
1073,29.477801,0
1074,169.889961,0
1075,44.077706,0
1076,888.689603,1
1077,888.336035,1
1078,435.139269,1
1079,1089.745037,1
1080,1138.312337,1
1081,913.553914,1
1082,13.270072,0
1083,964.976091,1
1084,1013.952338,1
1085,859.187939,1
1086,894.039162,1
1087,929.149133,1
1088,1075.351477,1
1089,1038.761563,1
1090,856.629499,1
1091,44.744880,0
1092,991.592861,1
1093,46.398102,0
1094,1062.208919,1
1095,18.647757,0
1096,907.587528,1
1097,1064.928229,1
1098,835.990722,1
1099,338.610920,1
1100,1049.582479,1
1101,707.682027,1
1102,48.724009,0
1103,18.206843,0
1104,43.187767,0
1105,59.071282,0
1106,1037.012994,1
1107,872.006307,1
1108,885.461167,1
1109,10.909283,0
1110,850.307987,1
1111,245.849540,0
1112,949.008741,1
1113,1062.600556,1
1114,1005.944309,1
1115,973.184436,1
1116,40.727817,0
1117,1094.359960,1
1118,248.391133,0
1119,1026.064333,1
1120,35.970104,0
1121,428.761444,0
1122,958.782283,1
1123,870.365223,1
1124,256.819133,1
1125,311.151287,1
1126,36.310409,0
1127,1007.512833,1
1128,46.938815,0
1129,986.311247,1
1130,27.146494,0
1131,25.163562,0
1132,44.078553,0
1133,969.155611,1
1134,974.577271,1
1135,174.645880,0
1136,968.249883,1
1137,1035.836200,1
1138,799.042719,1
1139,49.233188,0
1140,1131.051062,1
1141,911.741866,1
1142,43.117200,0
1143,929.261467,1
1144,1084.186201,1
1145,70.229415,0
1146,932.437496,1
1147,449.036563,0
1148,897.418027,1
1149,991.862750,1
1150,1081.599029,1
1151,123.110661,0
1152,720.266365,1
1153,912.568405,1
1154,1020.080288,1
1155,994.853361,1
1156,727.903981,1
1157,1177.878659,1
1158,961.125840,1
1159,190.687778,0
1160,805.780383,0
1161,870.860417,1
1162,930.471083,1
1163,1151.413004,1
1164,970.847040,1
1165,994.297316,1
1166,874.963588,1
1167,31.222724,0
1168,1249.620303,1
1169,1129.169047,1
1170,898.420713,1
1171,324.759612,0
1172,62.846323,0
1173,1043.223127,1
1174,814.848990,1
1175,18.701292,0
1176,153.127252,0
1177,1072.604655,1
1178,925.319459,1
1179,62.168912,0
1180,1023.793973,1
1181,29.294555,0
1182,847.685996,1
1183,1030.711204,1
1184,413.958954,0
1185,1025.559947,1
1186,37.642194,0
1187,1144.576797,1
1188,20.706524,0
1189,25.728983,0
1190,1079.870311,1
1191,1105.014380,1
1192,199.910510,0
1193,32.569067,0
1194,995.798162,1
1195,769.501214,1
1196,28.744479,0
1197,101.251940,0
1198,972.398003,1
1199,912.086307,1
1200,38.445847,0
1201,969.349487,1
1202,53.868058,0
1203,797.845103,1
1204,656.682164,1
1205,954.083702,1
1206,995.339113,1
1207,52.529252,0
1208,1230.089368,1
1209,38.353800,0
1210,27.393257,0
1211,49.406828,0
1212,939.816068,1
1213,1101.890264,1
1214,935.593314,1
1215,1002.186485,1
1216,1043.354730,1
1217,48.963443,0
1218,1211.212593,1
1219,15.936783,0
1220,1094.773044,1
1221,52.118978,0
1222,80.598993,0
1223,297.984409,1
1224,1039.711140,1
1225,965.998378,1
1226,48.461902,0
1227,889.472021,1
1228,172.889717,0
1229,870.710375,1
1230,890.718990,1
1231,59.105698,0
1232,889.813951,1
1233,1096.639606,1
1234,903.014846,1
1235,61.462331,0
1236,209.128515,0
1237,995.981680,1
1238,1073.107853,1
1239,16.939631,0
1240,842.632912,1
1241,157.272982,0
1242,880.556405,1
1243,757.727282,1
1244,20.630590,0
1245,40.226176,0
1246,901.949373,1
1247,744.301040,1
1248,173.470302,0
1249,365.922635,0
1250,713.296784,1
1251,23.091053,0
1252,39.112259,0
1253,373.995342,1
1254,1095.912287,1
1255,1156.523146,1
1256,908.404458,1
1257,76.824862,0
1258,1077.197960,1
1259,19.343125,0
1260,1169.117986,1
1261,96.088693,0
1262,881.177787,1
1263,307.522199,1
1264,30.021788,0
1265,15.517868,0
1266,1268.449558,2
1267,1001.473674,1
1268,70.330099,0
1269,702.815240,1
1270,37.874494,0
1271,78.092013,0
1272,435.115075,0
1273,1005.469908,1
1274,32.555593,0
1275,543.250593,0
1276,187.877325,0
1277,1110.912306,1
1278,1027.695770,1
1279,642.022618,0
1280,57.160710,0
1281,713.820689,1
1282,1025.133435,1
1283,79.117548,0
1284,1109.623737,1
1285,929.814283,1
1286,45.743615,0
1287,98.681990,0
1288,470.833133,0
1289,1048.443412,1
1290,1239.597673,1
1291,1098.031224,1
1292,830.031261,1
1293,476.075960,1
1294,775.863251,1
1295,545.413663,0
1296,133.491929,0
1297,842.418084,1
1298,1185.818825,1
1299,13.888740,0
1300,420.272415,0
1301,38.134997,0
1302,1109.470310,1
1303,1116.535938,1
1304,1002.849735,1
1305,1052.651851,1
1306,1179.701586,1
1307,1038.502212,1
1308,439.515172,0
1309,524.385138,0
1310,1209.924732,2
1311,1014.167645,1
1312,1212.666685,1
1313,78.609437,0
1314,32.711004,0
1315,1024.629933,1
1316,900.732636,1
1317,39.375170,0
1318,44.879268,0
1319,30.247518,0
1320,936.087129,1
1321,878.923139,1
1322,949.093260,1
1323,1105.598955,1
1324,860.424246,1
1325,1018.276373,1
1326,33.297951,0
1327,804.132248,1
1328,866.928980,1
1329,378.112814,0
1330,1211.249793,1
1331,27.525723,0
1332,48.579898,0
1333,1177.426664,1
1334,64.197967,0
1335,97.984353,0
1336,1305.186108,1
1337,748.713176,1
1338,1707.270180,2
1339,27.007927,0
1340,976.413823,1
1341,929.964277,1
1342,38.592346,0
1343,600.763164,0
1344,69.218186,0
1345,938.645478,1
1346,31.200621,0
1347,1243.082066,1
1348,815.468506,1
1349,1039.199103,1
1350,1181.684757,1
1351,958.836697,1
1352,33.540506,0
1353,59.894793,0
1354,944.688653,1
1355,957.873456,1
1356,1207.603316,1
1357,710.191115,1
1358,27.028066,0
1359,23.470699,0
1360,1291.785156,1
1361,719.840638,1
1362,1049.533003,1
1363,881.118697,1
1364,45.281340,0
1365,934.158523,1
1366,191.399118,0
1367,1081.930495,1
1368,920.665465,1
1369,505.690371,0
1370,577.181774,1
1371,275.117954,0
1372,22.032769,0
1373,1094.665078,1
1374,785.166747,1
1375,849.196919,1
1376,14.505047,0
1377,400.395147,0
1378,762.442053,1
1379,933.934802,1
1380,29.584587,0
1381,929.565285,1
1382,44.720034,0
1383,974.946321,1
1384,888.658529,1
1385,106.133835,0
1386,1175.387995,1
1387,54.666914,0
1388,1054.830779,1
1389,957.121061,1
1390,53.261113,0
1391,1136.917672,1
1392,906.058476,1
1393,1028.754282,1
1394,1036.398550,1
1395,858.537905,1
1396,30.023396,0
1397,1059.279486,1
1398,1100.041964,1
1399,914.362946,1
1400,234.526535,1
1401,964.897504,1
1402,76.378195,0
1403,1079.046701,1
1404,988.658140,1
1405,21.806429,0
1406,1207.633097,2
1407,1104.591009,1
1408,1076.365748,1
1409,15.389541,0
1410,550.958190,0
1411,37.807518,0
1412,977.596580,1
1413,488.841229,0
1414,1140.353380,1
1415,18.413260,0
1416,900.287878,1
1417,23.733074,0
1418,983.801551,1
1419,978.059587,1
1420,543.937648,0
1421,1148.685408,1
1422,29.064226,0
1423,1223.770114,1
1424,1071.646252,1
1425,40.318246,0
1426,1061.250921,1
1427,956.501833,1
1428,15.169069,0
1429,1042.863383,1
1430,1036.218306,1
1431,40.043380,0
1432,55.460814,0
1433,923.853449,1
1434,28.426328,0
1435,770.881338,1
1436,799.204438,1
1437,1011.528912,1
1438,941.382899,1
1439,1150.043804,1
1440,87.516537,0
1441,781.923558,1
1442,949.580117,1
1443,211.836001,0
1444,23.469294,0
1445,25.101585,0
1446,529.321870,0
1447,928.001149,1
1448,905.753480,1
1449,1071.027121,1
1450,832.468657,1
1451,18.523278,0
1452,940.137694,1
1453,600.786905,1
1454,777.254160,1
1455,1062.965853,1
1456,129.048014,0
1457,1079.803232,1
1458,32.272230,0
1459,260.809917,1
1460,36.650759,0
1461,45.797996,0
1462,675.897525,0
1463,752.475997,1
1464,33.419565,0
1465,15.473243,0
1466,15.529899,0
1467,1137.183355,1
1468,539.049177,0
1469,1257.294797,1
1470,40.662841,0
1471,1118.522947,1
1472,918.306698,1
1473,1120.777933,1
1474,1115.666851,1
1475,922.549438,1
1476,969.215065,1
1477,797.897195,1
1478,23.537375,0
1479,42.119361,0
1480,875.022389,1
1481,923.549330,1
1482,1116.391249,1
1483,544.283405,0
1484,63.192467,0
1485,832.481807,1
1486,1003.695645,1
1487,910.920784,1
1488,47.837405,0
1489,880.859671,1
1490,1142.349972,1
1491,1193.966259,1
1492,718.112517,1
1493,954.551088,1
1494,1203.274489,1
1495,985.174332,1
1496,913.447357,1
1497,1122.141723,1
1498,1027.768238,1
1499,1023.125123,1
1500,1058.332900,1
1501,544.132853,0
1502,662.087501,1
1503,1015.575423,1
1504,992.971482,1
1505,877.655332,1
1506,978.492707,1
1507,957.780970,1
1508,858.876404,1
1509,224.433412,0
1510,1102.918350,1
1511,1067.095422,1
1512,1186.186970,1
1513,1154.748893,1
1514,1014.131829,1
1515,1011.015593,1
1516,936.975735,1
1517,109.314864,0
1518,143.028032,0
1519,755.980934,1
1520,833.039079,1
1521,427.951063,0
1522,111.418390,0
1523,905.085987,1
1524,1130.631678,1
1525,855.484066,1
1526,997.934001,1
1527,1104.855322,1
1528,967.339605,1
1529,739.896223,1
1530,680.504873,1
1531,127.223027,0
1532,41.688612,0
1533,595.488053,0
1534,987.041415,1
1535,19.854356,0
1536,1093.527829,1
1537,592.439982,1
1538,923.894847,1
1539,463.187721,0
1540,232.102153,0
1541,44.651012,0
1542,776.517028,1
1543,1013.186686,1
1544,382.577707,0
1545,926.966069,1
1546,751.239891,1
1547,973.016202,1
1548,998.488957,1
1549,485.251307,0
1550,60.568599,0
1551,48.431225,0
1552,940.758075,1
1553,1140.604957,1
1554,15.385445,0
1555,1007.655926,1
1556,740.746940,1
1557,572.411639,0
1558,1007.551345,1
1559,873.964685,1
1560,1276.795804,1
1561,943.395791,1
1562,478.387844,0
1563,1026.725076,1
1564,1004.430966,1
1565,756.429459,1
1566,197.069363,0
1567,1267.639192,1
1568,790.178320,1
1569,879.223098,1
1570,544.270695,0
1571,680.597175,1
1572,876.741120,1
1573,1152.618364,1
1574,1111.009059,1
1575,975.944701,1
1576,800.225078,1
1577,1019.804798,1
1578,885.945784,1
1579,1019.459116,1
1580,940.192207,1
1581,874.269937,1
1582,467.455413,0
1583,878.082394,1
1584,959.061556,1
1585,244.294133,0
1586,758.839105,1
1587,1339.067420,2
1588,852.459090,1
1589,715.680072,1
1590,1002.735293,1
1591,23.105042,0
1592,500.179807,0
1593,1512.365921,1
1594,1456.442597,2
1595,1125.307483,1
1596,1078.175711,1
1597,21.928469,0
1598,1168.607365,1
1599,39.023712,0
1600,997.781895,1
1601,1052.130872,1
1602,1213.268029,1
1603,56.975689,0
1604,691.098477,1
1605,1000.106744,1
1606,930.604151,1
1607,127.078016,0
1608,913.127323,1
1609,1108.035181,1
1610,885.590361,1
1611,794.054577,1
1612,1033.162032,1
1613,112.740875,0
1614,25.616406,0
1615,246.670440,0
1616,1170.094392,1
1617,30.613858,0
1618,579.340704,0
1619,598.662463,1
1620,1016.607592,1
1621,59.744758,0
1622,963.020628,1
1623,1096.393346,1
1624,1066.708853,1
1625,810.807767,1
1626,30.022307,0
1627,427.261295,0
1628,119.733879,0
1629,1059.960289,1
1630,442.032322,0
1631,40.476957,0
1632,924.039587,1
1633,67.258697,0
1634,67.899420,0
1635,1029.532383,1
1636,1194.890608,1
1637,135.854643,0
1638,1031.251429,1
1639,850.685682,1
1640,735.426121,1
1641,943.619525,1
1642,1046.413679,1
1643,157.533144,0
1644,925.960188,1
1645,86.087553,0
1646,920.042956,1
1647,96.724844,0
1648,939.854539,1
1649,39.971635,0
1650,30.917416,0
1651,1038.673640,1
1652,943.629529,1
1653,809.722911,1
1654,577.548879,1
1655,1106.675639,1
1656,624.685837,1
1657,1025.079845,1
1658,906.006927,1
1659,930.509208,1
1660,128.189093,0
1661,42.126618,0
1662,33.315262,0
1663,1142.999328,1
1664,36.215071,0
1665,721.439723,1
1666,950.249444,1
1667,116.837068,0
1668,298.927450,0
1669,959.666218,1
1670,46.879455,0
1671,39.120372,0
1672,1074.862806,1
1673,1039.555841,1
1674,591.102439,0
1675,963.765585,1
1676,13.858809,0
1677,43.187903,0
1678,904.702483,1
1679,1216.666617,1
1680,542.910981,0
1681,1183.642105,1
1682,301.612131,1
1683,23.311859,0
1684,34.376845,0
1685,64.159054,0
1686,206.990770,0
1687,82.605567,0
1688,20.246109,0
1689,972.613039,1
1690,1004.134905,1
1691,418.110957,0
1692,115.960701,0
1693,933.969403,1
1694,1103.085925,1
1695,1135.835098,1
1696,1140.902125,1
1697,1089.122110,1
1698,833.887712,1
1699,1082.733665,1
1700,789.479189,1
1701,42.789171,0
1702,180.963238,0
1703,1200.101268,1
1704,1041.926914,1
1705,584.402373,1
1706,1179.823462,1
1707,822.127989,0
1708,842.018020,1
1709,874.587720,1
1710,957.472841,1
1711,15.433425,0
1712,1142.253721,1
1713,1079.609355,1
1714,935.365653,1
1715,829.880373,1
1716,1216.821160,1
1717,17.118937,0
1718,54.679538,0
1719,1033.581213,1
1720,728.261593,1
1721,876.015765,1
1722,896.227827,1
1723,219.477009,0
1724,39.827300,0
1725,934.692024,1
1726,427.953917,0
1727,15.999171,0
1728,926.537176,1
1729,566.428398,1
1730,920.223498,1
1731,941.195277,1
1732,24.652425,0
1733,1110.055209,1
1734,766.481566,1
1735,316.057052,0
1736,1136.111326,1
1737,882.037782,1
1738,1181.695816,1
1739,861.391573,1
1740,1033.793892,1
1741,460.137035,0
1742,796.727745,1
1743,1063.819509,1
1744,1020.337668,1
1745,1173.150928,1
1746,1036.620246,1
1747,950.815813,1
1748,765.919561,1
1749,802.417150,1
1750,113.201096,0
1751,942.257050,1
1752,293.656511,0
1753,912.767814,1
1754,1020.896664,1
1755,1013.566517,1
1756,43.319764,0
1757,1138.167139,1
1758,965.076670,1
1759,161.673750,0
1760,1097.821686,1
1761,773.466199,0
1762,574.677999,0
1763,111.647242,0
1764,39.616577,0
1765,394.377970,0
1766,910.655069,1
1767,678.736257,1
1768,34.884308,0
1769,1038.887225,1
1770,1042.317196,1
1771,98.320961,0
1772,896.758378,1
1773,38.195318,0
1774,1057.621342,1
1775,23.562043,0
1776,780.450187,1
1777,1489.601542,2
1778,1147.355021,1
1779,532.482394,0
1780,32.373237,0
1781,889.325400,1
1782,1002.786453,1
1783,940.742734,1
1784,25.451213,0
1785,471.329771,0
1786,1058.070485,1
1787,884.863476,1
1788,872.705375,1
1789,93.504760,0
1790,81.152488,0
1791,23.643041,0
1792,1378.831532,2
1793,238.266639,0
1794,775.671226,0
1795,19.993110,0
1796,465.276163,0
1797,991.461122,1
1798,82.827282,0
1799,943.084866,1
1800,906.533455,1
1801,43.802966,0
1802,469.654837,0
1803,128.039441,0
1804,1040.984586,1
1805,218.021196,0
1806,1114.704383,1
1807,47.107222,0
1808,199.060180,1
1809,1008.757472,1
1810,106.333948,0
1811,932.693759,1
1812,1150.152490,1
1813,1111.385812,1
1814,1148.080676,1
1815,645.974918,0
1816,8.885818,0
1817,21.796977,0
1818,66.674291,0
1819,13.005788,0
1820,912.405709,1
1821,284.187538,1
1822,484.594961,0
1823,471.721120,1
1824,859.951663,1
1825,1239.530736,1
1826,24.613220,0
1827,932.811854,1
1828,961.595467,1
1829,15.374346,0
1830,44.914576,0
1831,804.751256,1
1832,919.913369,1
1833,51.606579,0
1834,521.021453,0
1835,1063.661586,1
1836,622.629245,0
1837,1090.503360,1
1838,38.198122,0
1839,708.616474,1
1840,56.335218,0
1841,857.739344,1
1842,1071.693729,1
1843,865.111523,1
1844,904.173377,1
1845,922.651309,1
1846,1072.674152,1
1847,1336.272871,2
1848,81.712147,0
1849,12.352719,0
1850,147.777683,0
1851,886.060980,1
1852,978.245594,1
1853,970.812192,1
1854,806.424665,1
1855,104.438293,0
1856,946.381692,1
1857,35.425727,0
1858,133.367257,0
1859,663.453439,1
1860,900.585520,1
1861,39.151894,0
1862,9.537816,0
1863,818.817797,1
1864,1000.777672,1
1865,943.309913,1
1866,20.703971,0
1867,883.322611,1
1868,33.194230,0
1869,913.207878,1
1870,335.076182,0
1871,847.814517,1
1872,957.496817,1
1873,804.830839,1
1874,653.009259,0
1875,544.455054,0
1876,714.840635,1
1877,939.030618,1
1878,812.992656,1
1879,1025.620419,1
1880,199.701504,0
1881,263.858165,0
1882,36.725884,0
1883,961.878620,1
1884,998.809487,1
1885,35.389573,0
1886,975.192418,1
1887,1049.428871,1
1888,1170.636357,1
1889,376.451041,0
1890,1065.561046,1
1891,749.817145,1
1892,982.000761,1
1893,524.705894,0
1894,90.861838,0
1895,38.414861,0
1896,64.491021,0
1897,930.273393,1
1898,82.455727,0
1899,1094.054331,1
1900,39.842978,0
1901,892.248934,1
1902,961.767011,1
1903,562.042612,0
1904,1002.599846,1
1905,368.774271,0
1906,31.581236,0
1907,26.624901,0
1908,1278.535737,1
1909,619.548297,0
1910,711.784251,1
1911,517.081232,0
1912,912.890672,1
1913,59.382174,0
1914,47.312554,0
1915,484.861028,0
1916,869.917800,1
1917,984.805872,1
1918,794.279102,1
1919,762.624229,1
1920,847.775431,1
1921,1023.924175,1
1922,937.842731,1
1923,44.185548,0
1924,499.958487,0
1925,899.043727,1
1926,548.315555,0
1927,475.540445,0
1928,1234.857427,1
1929,119.404002,0
1930,1075.367118,1
1931,377.110370,0
1932,948.576895,1
1933,897.414910,1
1934,30.532231,0
1935,654.617376,1
1936,406.700347,0
1937,628.040388,1
1938,569.624141,1
1939,753.562545,0
1940,308.437298,0
1941,970.799840,1
1942,664.083669,0
1943,978.091387,1
1944,1034.720733,1
1945,906.757491,1
1946,768.509149,1
1947,1024.505037,1
1948,812.331163,1
1949,472.441474,0
1950,433.358467,0
1951,799.970380,1
1952,859.927029,1
1953,754.397189,1
1954,1127.224421,1
1955,11.175820,0
1956,753.547934,1
1957,563.252316,0
1958,1085.415469,1
1959,55.185282,0
1960,1046.479438,1
1961,207.077214,0
1962,193.617828,0
1963,704.230625,1
1964,68.706960,0
1965,863.479458,1
1966,922.738901,1
1967,957.729067,1
1968,1018.216110,1
1969,628.004822,0
1970,1047.033290,1
1971,495.585878,0
1972,12.442001,0
1973,21.894017,0
1974,42.628805,0
1975,140.776921,0
1976,804.249088,1
1977,1045.124087,1
1978,921.614358,1
1979,591.269235,1
1980,1043.208413,1
1981,42.925702,0
1982,517.875762,0
1983,1079.999548,1
1984,13.173428,0
1985,864.747609,1
1986,40.759555,0
1987,996.287056,1
1988,1109.597233,1
1989,540.444488,0
1990,1031.583400,1
1991,1050.549849,1
1992,63.902613,0
1993,1148.109335,1
1994,811.284929,1
1995,978.348821,1
1996,735.586781,1
1997,1360.549475,1
1998,310.517486,0
1999,1005.200730,1
2000,905.106946,1
2001,667.095836,1
2002,21.868750,0
2003,1058.165339,1
2004,854.299700,1
2005,567.981990,0
2006,187.278806,0
2007,51.718537,0
2008,1128.087395,1
2009,1057.673380,1
2010,300.640523,0
2011,1085.949035,1
2012,487.709864,0
2013,1081.781333,1
2014,911.984141,1
2015,926.708306,1
2016,1390.787293,1
2017,624.466371,0
2018,984.404672,1
2019,55.422469,0
2020,421.549946,0
2021,1300.888203,1
2022,75.281279,0
2023,9.226792,0
2024,427.197374,0
2025,1144.510046,1
2026,1285.174160,1
2027,1066.020727,1
2028,879.782456,1
2029,33.441876,0
2030,670.784568,0
2031,1170.102859,1
2032,821.254814,1
2033,761.342426,1
2034,1157.139759,1
2035,1003.093325,1
2036,889.217117,1
2037,929.573916,1
2038,18.373336,0
2039,981.296181,1
2040,943.334386,1
2041,937.383915,1
2042,124.419877,0
2043,466.392493,0
2044,886.067405,1
2045,1003.572238,1
2046,15.488524,0
2047,904.811659,1
2048,63.877625,0
2049,984.536154,1
2050,33.787969,0
2051,588.211505,1
2052,950.530351,1
2053,844.104233,1
2054,746.445989,1
2055,961.545648,1
2056,485.606533,0
2057,98.535082,0
2058,1253.337285,2
2059,9.495891,0
2060,1131.533239,1
2061,1044.896406,1
2062,588.440061,0
2063,1395.137080,2
2064,1178.660459,1
2065,1014.854617,1
2066,986.866782,1
2067,386.742647,0
2068,1103.814593,1
2069,985.571022,1
2070,601.043657,0
2071,1094.582196,1
2072,96.705258,0
2073,1018.706388,1
2074,1089.480458,1
2075,1058.749436,1
2076,41.566256,0
2077,1109.583581,1
2078,1197.169683,1
2079,824.374671,1
2080,81.184539,0
2081,683.157118,0
2082,1252.765778,1
2083,1183.929538,1
2084,939.082202,1
2085,1009.270640,1
2086,36.420954,0
2087,35.637190,0
2088,1218.976442,1
2089,146.256826,0
2090,987.214785,1
2091,582.122463,0
2092,297.553350,0
2093,70.024039,0
2094,1174.939939,1
2095,1019.766476,1
2096,993.679833,1
2097,1136.001887,1
2098,1194.380281,1
2099,462.557501,0
2100,1079.690073,1
2101,34.340625,0
2102,81.171414,0
2103,29.309367,0
2104,553.151686,0
2105,28.539240,0
2106,311.533723,0
2107,474.534818,0
2108,1035.156060,1
2109,47.630243,0
2110,459.864846,0
2111,1062.475193,1
2112,979.157195,1
2113,134.382539,0
2114,1019.377165,1
2115,725.691345,1
2116,370.919218,0
2117,1094.290911,1
2118,153.578580,0
2119,490.645301,0
2120,827.645095,1
2121,871.223818,1
2122,911.871636,1
2123,418.704508,0
2124,988.917075,1
2125,825.500175,1
2126,1137.110341,1
2127,660.612103,1
2128,574.756752,1
2129,427.692258,0
2130,41.844356,0
2131,1029.342706,1
2132,956.221566,1
2133,522.167681,0
2134,815.457924,1
2135,1239.255217,1
2136,795.318300,1
2137,1121.517443,1
2138,1028.732153,1
2139,48.819736,0
2140,23.310666,0
2141,472.082860,0
2142,1018.333005,1
2143,911.688358,1
2144,1005.622296,1
2145,680.997409,1
2146,788.400245,1
2147,456.058288,0
2148,855.177935,1
2149,970.456888,1
2150,933.319128,1
2151,1063.444407,1
2152,458.134883,0
2153,914.700365,1
2154,1158.211495,1
2155,1116.066452,1
2156,26.655305,0
2157,551.286204,0
2158,860.211285,1
2159,1076.960917,1
2160,955.052879,1
2161,711.171964,1
2162,34.853189,0
2163,907.696638,1
2164,1028.916275,1
2165,816.926979,1
2166,916.537970,1
2167,280.884170,1
2168,913.511812,1
2169,136.742558,0
2170,1028.100118,1
2171,1125.743222,1
2172,106.555341,0
2173,924.324696,1
2174,38.458133,0
2175,31.877942,0
2176,18.919386,0
2177,276.007307,0
2178,18.550641,0
2179,60.755521,0
2180,1075.590491,1
2181,108.147295,0
2182,115.637820,0
2183,1150.164544,1
2184,804.876770,1
2185,38.887260,0
2186,944.540606,1
2187,81.745623,0
2188,1194.751344,1
2189,1000.289143,1
2190,842.213239,1
2191,924.878832,1
2192,11.606187,0
2193,708.892877,1
2194,207.340161,0
2195,949.467153,1
2196,57.861454,0
2197,848.069464,1
2198,153.773472,0
2199,792.353347,1
2200,1217.398197,1
2201,649.585318,1
2202,1011.573811,1
2203,102.593371,0
2204,882.808881,1
2205,987.987516,1
2206,922.243056,1
2207,1047.002250,1
2208,606.137897,0
2209,1137.994590,1
2210,253.616034,0
2211,1084.745447,1
2212,655.811592,1
2213,637.459221,1
2214,109.653904,0
2215,136.039058,0
2216,740.548442,1
2217,27.713930,0
2218,1060.151202,1
2219,36.200036,0
2220,1091.313535,1
2221,950.547195,1
2222,1152.714111,1
2223,843.388237,1
2224,968.523571,1
2225,895.739001,1
2226,863.024731,1
2227,763.510919,1
2228,1078.526232,1
2229,16.849372,0
2230,1020.990813,1
2231,1191.842637,1
2232,770.789447,1
2233,571.303099,0
2234,71.117789,0
2235,37.138491,0
2236,1021.541112,1
2237,1060.292147,1
2238,142.537598,0
2239,844.610967,1
2240,1152.958871,1
2241,77.364688,0
2242,26.297784,0
2243,940.262345,1
2244,815.183777,1
2245,948.012222,1
2246,867.887498,1
2247,18.255941,0
2248,34.906082,0
2249,781.930399,1
2250,831.838390,1
2251,1014.715822,1
2252,505.233870,0
2253,904.053119,1
2254,36.327743,0
2255,533.054123,0
2256,864.599006,1
2257,992.058850,1
2258,132.716607,0
2259,813.335738,1
2260,867.048401,1
2261,920.303844,1
2262,894.017799,1
2263,723.289612,1
2264,938.916740,1
2265,1112.001841,1
2266,751.400974,1
2267,1011.947743,1
2268,124.758896,0
2269,1000.625217,1
2270,1101.700348,1
2271,1005.264963,1
2272,593.174239,0
2273,1035.479748,1
2274,803.101814,1
2275,1087.492249,1
2276,1029.327039,1
2277,1070.321060,1
2278,167.131840,0
2279,45.744791,0
2280,799.140708,1
2281,815.267439,1
2282,864.664136,1
2283,876.181096,1
2284,40.302344,0
2285,27.281861,0
2286,89.539090,0
2287,635.785507,0
2288,875.876016,1
2289,862.061419,1
2290,1381.421620,2
2291,1000.912318,1
2292,38.742838,0
2293,798.502230,1
2294,1247.721768,1
2295,1162.535360,1
2296,21.048270,0
2297,732.711111,1
2298,953.394386,1
2299,1151.302610,1
2300,16.437040,0
2301,38.941574,0
2302,73.734733,0
2303,279.511572,0
2304,45.910256,0
2305,416.115923,1
2306,284.132172,1
2307,556.146481,1
2308,906.399840,1
2309,89.160674,0
2310,824.041792,1
2311,647.803622,0
2312,988.462237,1
2313,128.411679,0
2314,554.994915,1
2315,107.866447,0
2316,637.554568,1
2317,957.619240,1
2318,35.081479,0
2319,777.516775,1
2320,1224.259276,1
2321,717.506936,1
2322,92.583928,0
2323,1033.367740,1
2324,746.969254,1
2325,765.327697,1
2326,972.043849,1
2327,1149.592806,1
2328,207.541878,0
2329,926.365830,1
2330,829.968825,1
2331,1482.883825,2
2332,152.602868,0
2333,819.553499,0
2334,206.822021,0
2335,860.125149,1
2336,184.987582,0
2337,1115.388744,1
2338,208.983959,0
2339,876.248029,1
2340,583.491335,0
2341,538.786556,0
2342,514.245897,1
2343,950.743769,1
2344,1209.267597,1
2345,1059.320906,1
2346,86.323621,0
2347,117.425957,0
2348,645.914653,1
2349,32.858199,0
2350,903.157874,1
2351,474.697181,0
2352,566.962003,0
2353,1054.063514,1
2354,904.432233,1
2355,496.979577,0
2356,1111.906810,1
2357,1058.065817,1
2358,906.598729,1
2359,1072.578477,1
2360,703.782255,1
2361,1135.248203,1
2362,884.698201,1
2363,654.218632,0
2364,40.600033,0
2365,736.016663,0
2366,783.747202,1
2367,942.593821,1
2368,558.242399,1
2369,147.046248,0
2370,189.981766,0
2371,622.419943,0
2372,931.990870,1
2373,786.072350,1
2374,1090.084552,1
2375,1082.710640,1
2376,940.300194,1
2377,1065.001925,1
2378,1099.780216,1
2379,884.667352,1
2380,1020.773723,1
2381,494.104412,0
2382,971.302713,1
2383,623.059639,1
2384,220.844502,0
2385,458.741426,0
2386,42.247204,0
2387,716.295937,1
2388,1134.044875,1
2389,1045.206131,1
2390,674.377733,1
2391,1069.362631,1
2392,25.601202,0
2393,853.260100,1
2394,448.818730,0
2395,1006.738105,1
2396,668.714550,1
2397,875.276005,1
2398,1100.500480,1
2399,120.136320,0
2400,684.569449,1
2401,970.324563,1
2402,830.480174,1
2403,63.564593,0
2404,152.262824,0
2405,25.922944,0
2406,165.709945,0
2407,960.979515,1
2408,64.153438,0
2409,1039.125649,1
2410,869.644360,1
2411,840.930959,1
2412,713.800530,0
2413,536.741764,0
2414,606.884772,0
2415,1160.050451,1
2416,159.205506,0
2417,20.408374,0
2418,425.530454,0
2419,958.324704,1
2420,682.497300,1
2421,58.631663,0
2422,982.592624,1
2423,929.403419,1
2424,1051.783231,1
2425,455.813129,0
2426,494.143083,0
2427,39.500358,0
2428,1031.891795,1
2429,471.382700,0
2430,1211.157990,1
2431,995.098351,1
2432,723.293114,1
2433,801.186339,1
2434,664.292773,0
2435,815.905776,1
2436,40.987556,0
2437,630.230547,0
2438,1125.453549,1
2439,618.861578,1
2440,1099.603364,1
2441,507.676266,1
2442,57.767128,0
2443,18.414903,0
2444,1041.625440,1
2445,634.207195,1
2446,909.617646,1
2447,576.281456,0
2448,178.950101,0
2449,74.446817,0
2450,908.340346,1
2451,668.064436,1
2452,939.270687,1
2453,639.681394,0
2454,300.645328,1
2455,796.186914,1
2456,1057.510836,1
2457,1076.870425,1
2458,939.281235,1
2459,36.174486,0
2460,901.694857,1
2461,548.063174,0
2462,906.870797,1
2463,59.602454,0
2464,897.733754,1
2465,699.186140,0
2466,15.141996,0
2467,628.349625,0
2468,1056.389724,1
2469,883.392338,1
2470,116.133109,0
2471,1018.891195,1
2472,1226.834276,1
2473,843.606952,1
2474,1006.838770,1
2475,923.541514,1
2476,893.101845,1
2477,580.212710,0
2478,168.503391,0
2479,869.306464,1
2480,715.571376,0
2481,762.480190,1
2482,1243.736287,1
2483,171.859045,0
2484,25.061185,0
2485,987.982197,1
2486,51.158383,0
2487,614.642889,1
2488,804.135788,1
2489,533.329678,0
2490,76.194729,0
2491,950.054272,1
2492,777.077105,1
2493,1244.501968,1
2494,25.899270,0
2495,507.209881,0
2496,1006.858750,1
2497,52.884702,0
2498,1075.305920,1
2499,789.555885,1
2500,896.310658,1
2501,1162.284502,1
2502,404.591573,0
2503,845.236359,1
2504,650.918656,0
2505,819.046503,1
2506,590.613700,0
2507,926.456961,1
2508,181.850462,0
2509,978.506480,1
2510,1161.824033,1
2511,1120.024129,1
2512,1558.625710,2
2513,972.802193,1
2514,906.183293,1
2515,817.798080,1
2516,757.737599,1
2517,786.318505,1
2518,944.981938,1
2519,28.219401,0
2520,770.059781,1
2521,817.421223,1
2522,837.339406,1
2523,37.385714,0
2524,1060.473939,1
2525,689.973461,1
2526,651.527155,1
2527,343.964590,0
2528,1266.350158,1
2529,35.177039,0
2530,448.695251,0
2531,1001.740108,1
2532,951.194048,1
2533,1116.965936,1
2534,643.194767,0
2535,853.197972,1
2536,851.847263,1
2537,969.214052,1
2538,771.662845,1
2539,1019.848284,1
2540,877.828191,1
2541,763.455714,1
2542,889.041494,1
2543,46.552825,0
2544,532.898525,0
2545,885.492093,1
2546,700.093337,1
2547,691.640945,1
2548,916.972210,1
2549,1251.657070,1
2550,96.716645,0
2551,1047.391863,1
2552,694.229021,1
2553,733.492199,1
2554,958.415139,1
2555,1298.495420,1
2556,985.615581,1
2557,12.911171,0
2558,927.041311,1
2559,776.068809,1
2560,683.305250,1
2561,993.199618,1
2562,70.251544,0
2563,800.739690,1
2564,50.618881,0
2565,39.701018,0
2566,753.513459,1
2567,619.484429,0
2568,512.907107,0
2569,729.454823,1
2570,124.302839,0
2571,1040.895930,1
2572,21.666909,0
2573,834.996316,1
2574,44.340132,0
2575,437.918814,0
2576,33.124856,0
2577,729.435938,1
2578,840.597372,1
2579,257.023962,1
2580,1025.565074,1
2581,1006.515460,1
2582,1194.506592,1
2583,928.015929,1
2584,283.757344,0
2585,748.328711,1
2586,1140.480156,1
2587,41.123971,0
2588,1007.402873,1
2589,948.914228,1
2590,908.694881,1
2591,1220.192479,1
2592,663.500882,1
2593,133.893559,0
2594,985.055787,1
2595,1016.217865,1
2596,1003.844542,1
2597,92.202676,0
2598,914.254784,1
2599,817.052265,1
2600,17.918690,0
2601,846.393957,1
2602,809.742254,1
2603,876.154544,1
2604,948.610708,1
2605,252.575674,0
2606,871.066871,1
2607,995.308176,1
2608,914.717918,1
2609,1057.978808,1
2610,921.350883,1
2611,880.011727,1
2612,27.225177,0
2613,792.829140,1
2614,169.625474,0
2615,1014.790086,1
2616,11.976640,0
2617,1004.420916,1
2618,88.529818,0
2619,978.620820,1
2620,991.965918,1
2621,1014.076794,1
2622,1144.506560,1
2623,768.343977,1
2624,1181.613309,1
2625,998.684769,1
2626,490.561587,0
2627,985.994107,1
2628,948.187569,1
2629,986.098468,1
2630,532.621337,0
2631,922.217462,1
2632,840.010953,1
2633,419.450451,0
2634,1421.906570,2
2635,809.557772,1
2636,64.028085,0
2637,1049.153292,1
2638,923.438806,1
2639,169.306603,0
2640,1036.445431,1
2641,800.039447,1
2642,484.528371,0
2643,823.444372,1
2644,577.549646,1
2645,644.231259,1
2646,817.936088,1
2647,748.837797,1
2648,70.730943,0
2649,74.155496,0
2650,1173.944703,1
2651,38.422235,0
2652,1099.690512,1
2653,55.491555,0
2654,844.730194,1
2655,824.754834,1
2656,22.404071,0
2657,1062.720391,1
2658,875.844426,1
2659,1214.158029,1
2660,970.288358,1
2661,1040.284194,1
2662,219.487918,0
2663,953.985975,1
2664,96.176646,0
2665,99.459365,0
2666,921.760902,1
2667,20.741436,0
2668,974.196710,1
2669,862.503964,1
2670,927.094065,1
2671,875.147952,1
2672,522.806729,0
2673,931.555815,1
2674,30.406596,0
2675,973.644327,1
2676,1038.377757,1
2677,167.237039,0
2678,791.200673,1
2679,462.840485,0
2680,141.665805,0
2681,920.933789,1
2682,1078.896407,1
2683,1029.177064,1
2684,1027.658392,1
2685,15.482204,0
2686,42.719599,0
2687,25.457333,0
2688,1025.892534,1
2689,241.312262,0
2690,1094.100482,1
2691,585.355486,1
2692,757.271443,0
2693,1291.966302,2
2694,1019.856325,1
2695,19.873784,0
2696,12.716169,0
2697,26.767152,0
2698,1167.713969,1
2699,17.203259,0
2700,1075.879208,1
2701,289.183750,0
2702,530.044774,0
2703,1175.469071,1
2704,874.837428,1
2705,674.945734,0
2706,789.089584,1
2707,276.925374,1
2708,1158.106177,1
2709,10.648178,0
2710,859.691939,1
2711,615.523126,1
2712,185.363058,0
2713,450.015723,0
2714,247.498465,0
2715,22.203793,0
2716,1081.349124,1
2717,873.905582,1
2718,1059.752849,1
2719,29.399305,0
2720,44.553130,0
2721,1085.732459,1
2722,1058.624343,1
2723,20.198808,0
2724,1154.593378,1
2725,1032.290596,1
2726,47.192004,0
2727,847.812782,1
2728,1076.589735,1
2729,81.112822,0
2730,69.461878,0
2731,919.740853,1
2732,940.652683,1
2733,1007.250396,1
2734,405.662416,0
2735,61.882875,0
2736,1014.985611,1
2737,1228.693101,1
2738,1141.552154,1
2739,764.756747,1
2740,20.597606,0
2741,702.018086,1
2742,987.176857,1
2743,24.237240,0
2744,132.287667,0
2745,517.518500,0
2746,1102.049869,1
2747,1061.064977,1
2748,29.935779,0
2749,893.185664,1
2750,168.622456,0
2751,623.926965,1
2752,13.044317,0
2753,30.789574,0
2754,25.138808,0
2755,937.585770,1
2756,438.823008,0
2757,904.104253,1
2758,974.888650,1
2759,47.841549,0
2760,1517.775181,1
2761,1181.127158,1
2762,1027.073869,1
2763,908.606430,1
2764,27.527837,0
2765,169.071524,0
2766,1226.237639,1
2767,786.450056,1
2768,606.409534,0
2769,478.231002,0
2770,67.271130,0
2771,1068.656944,1
2772,439.927294,0
2773,970.137480,1
2774,724.526306,1
2775,40.101701,0
2776,1160.187238,1
2777,897.410296,1
2778,1041.526795,1
2779,559.751332,0
2780,24.062546,0
2781,573.403047,0
2782,637.027097,0
2783,137.655944,0
2784,1097.817393,1
2785,975.006279,1
2786,21.179933,0
2787,1121.390743,1
2788,763.188455,1
2789,369.795119,0
2790,833.872061,1
2791,118.314150,0
2792,1389.985417,2
2793,62.734315,0
2794,1030.136805,1
2795,975.847471,1
2796,962.660666,1
2797,104.638630,0
2798,88.478489,0
2799,42.664940,0
2800,357.427364,1
2801,983.439990,1
2802,643.536898,0
2803,1038.677928,1
2804,1185.209387,1
2805,13.659642,0
2806,61.525334,0
2807,1188.897734,1
2808,1073.845511,1
2809,1180.154867,1
2810,1109.419119,1
2811,987.291921,1
2812,827.958149,1
2813,21.850373,0
2814,91.274504,0
2815,929.479540,1
2816,876.640112,1
2817,1068.980454,1
2818,1208.276565,1
2819,1120.042315,1
2820,1068.804672,1
2821,213.627997,0
2822,42.739510,0
2823,1395.494741,1
2824,275.846858,0
2825,151.859283,0
2826,38.908489,0
2827,37.971892,0
2828,82.663067,0
2829,22.457786,0
2830,972.838041,1
2831,84.680079,0
2832,1055.099223,1
2833,136.363774,0
2834,468.218872,0
2835,91.169617,0
2836,1205.452958,1
2837,920.532649,1
2838,41.544365,0
2839,538.129950,0
2840,796.578373,1
2841,1134.838335,1
2842,965.242420,1
2843,557.094569,0
2844,855.709851,1
2845,1300.967655,2
2846,1027.406496,1
2847,1131.354970,1
2848,755.593708,1
2849,56.320369,0
2850,962.493490,1
2851,28.853841,0
2852,85.193997,0
2853,370.633518,0
2854,452.004421,0
2855,33.534831,0
2856,33.239162,0
2857,322.629769,1
2858,536.291864,0
2859,1018.212278,1
2860,225.326051,0
2861,1083.057731,1
2862,1113.165724,1
2863,40.089341,0
2864,1058.066240,1
2865,57.909165,0
2866,966.826254,1
2867,1021.199552,1
2868,985.570710,1
2869,902.592956,1
2870,826.715707,1
2871,926.688663,1
2872,1118.206062,1
2873,951.215760,1
2874,1114.400128,1
2875,1045.344424,1
2876,625.396348,0
2877,964.676606,1
2878,930.820774,1
2879,977.715966,1
2880,1613.217858,2
2881,947.776280,1
2882,38.092161,0
2883,335.678503,0
2884,908.820769,1
2885,1045.118171,1
2886,297.395862,0
2887,35.508347,0
2888,12.962628,0
2889,826.121147,1
2890,776.327918,1
2891,1085.992035,1
2892,1038.740799,1
2893,832.223846,1
2894,533.868189,0
2895,981.663565,1
2896,801.105957,1
2897,920.188494,1
2898,1176.183515,1
2899,198.500991,0
2900,309.471381,0
2901,131.001588,0
2902,48.561217,0
2903,97.652909,0
2904,873.555289,1
2905,1096.128736,1
2906,1120.146095,1
2907,497.239983,0
2908,36.585855,0
2909,741.435366,1
2910,897.958271,1
2911,602.505934,1
2912,979.705359,1
2913,1296.550573,1
2914,1275.381488,1
2915,863.107446,1
2916,1005.060055,1
2917,98.218804,0
2918,1002.256307,1
2919,923.818487,1
2920,649.175099,1
2921,1549.398125,2
2922,1412.512331,2
2923,66.160296,0
2924,726.300447,1
2925,885.006528,1
2926,1156.134636,1
2927,823.293250,1
2928,1162.900168,1
2929,922.301598,1
2930,701.271079,1
2931,924.679903,1
2932,1050.105025,1
2933,972.869294,1
2934,1048.889145,1
2935,918.380325,1
2936,43.343972,0
2937,537.124797,0
2938,1049.318492,1
2939,12.961321,0
2940,1158.958604,1
2941,25.000104,0
2942,1008.289964,1
2943,1047.678570,1
2944,138.814237,0
2945,1225.777045,1
2946,947.313491,1
2947,917.647201,1
2948,916.919387,1
2949,1025.483447,1
2950,1028.808675,1
2951,845.866489,1
2952,79.182239,0
2953,1062.561028,1
2954,695.255794,1
2955,262.480660,0
2956,121.691794,0
2957,1073.867020,1
2958,345.742120,0
2959,1065.494686,1
2960,90.694407,0
2961,988.389582,1
2962,77.148819,0
2963,1022.192338,1
2964,1080.192501,1
2965,1149.670589,1
2966,890.800835,1
2967,44.197020,0
2968,255.344473,0
2969,1167.240572,1
2970,67.009277,0
2971,730.299443,1
2972,1035.835741,1
2973,1332.636650,1
2974,917.099939,1
2975,42.680071,0
2976,497.448258,0
2977,84.297621,0
2978,1089.946242,1
2979,978.006630,1
2980,102.088517,0
2981,947.566072,1
2982,859.708730,1
2983,134.487267,0
2984,1116.633641,1
2985,18.873729,0
2986,47.547481,0
2987,922.297429,1
2988,27.546460,0
2989,1069.184574,1
2990,1033.234263,1
2991,1031.433531,1
2992,1313.034074,1
2993,1017.783115,1
2994,997.963302,1
2995,891.423856,1
2996,337.080448,0
2997,18.978073,0
2998,104.863566,0
2999,66.302857,0
3000,900.292211,1
